MDRPY,MDRACTL,MDRCSNT,MDRFINAL,MDRRND,MDRVWL,MDRNSL,MDNLQDR,MDRTN,CTNPY,CTNACTL,CTNCSNT,CTNFINAL,CTNRND,CTNVWL,CTNNSL,CTNSTP,CTNTN,CHAR,FRQ,CMT
a,a,/,a,/,a,/,/,1,aa,aa,/,aa,/,aa,/,/,3,阿,1,
ai,ai,/,ai,/,ai,/,/,1,ngaai,ngaai,ng,aai,/,aai,/,/,1,挨,1,挨着墙
ai,ai,/,ai,/,ai,/,/,1,ngoi,ngoi,ng,oi,/,oi,/,/,1,埃,1,
ai,ai,/,ai,/,ai,/,/,2,ngaam,ngaam,ng,aam,/,aa,m,/,4,癌,2,
ai,ai,/,ai,/,ai,/,/,2,ngaai,ngaai,ng,aai,/,aai,/,/,4,挨,1,挨打／捱
ai,ai,/,ai,/,ai,/,/,3,ngai,ngai,ng,ai,/,ai,/,/,2,矮,1,
ai,ai,/,ai,/,ai,/,/,4,ngoi,ngoi,ng,oi,/,oi,/,/,3,爱,1,
ai,ai,/,ai,/,ai,/,/,4,ngoi,ngoi,ng,oi,/,oi,/,/,4,皑,3,
ai,ai,/,ai,/,ai,/,/,4,ngaai,ngaai,ng,aai,/,aai,/,/,6,艾,2,
an,an,/,an,/,a,n,/,1,ngon,ngon,ng,on,/,o,n,/,1,安,1,
an,an,/,an,/,a,n,/,1,ngam,ngam,ng,am,/,a,m,/,1,庵,2,
an,an,/,an,/,a,n,/,3,ngaan,ngaan,ng,aan,/,aa,n,/,2,俺,3,
an,an,/,an,/,a,n,/,4,ngon,ngon,ng,on,/,o,n,/,3,岸,1,
an,an,/,an,/,a,n,/,4,ngam,ngam,ng,am,/,a,m,/,3,暗,1,
ang,ang,/,ang,/,a,ng,/,1,ong,ong,/,ong,/,o,ng,/,1,肮,1,
ang,ang,/,ang,/,a,ng,/,2,ngong,ngong,ng,ong,/,o,ng,/,4,昂,1,
ang,ang,/,ang,/,a,ng,/,4,ngong,ngong,ng,ong,/,o,ng,/,3,盎,1,
ao,au,/,au,/,au,/,/,1,nap,nap,n,ap,/,a,/,p,1,凹,1,
ao,au,/,au,/,au,/,/,2,ngou,ngou,ng,ou,/,ou,/,/,4,熬,1,
ao,au,/,au,/,au,/,/,3,ngou,ngou,ng,ou,/,ou,/,/,2,袄,1,
ao,au,/,au,/,au,/,/,4,ngou,ngou,ng,ou,/,ou,/,/,3,奥,1,
er,ar,/,ar,/,a,/,r,2,ji,i,/,i,/,i,/,/,4,儿,1,
er,ar,/,ar,/,a,/,r,3,ji,i,/,i,/,i,/,/,5,尔,1,
er,ar,/,ar,/,a,/,r,4,ji,i,/,i,/,i,/,/,6,二,1,
ba,ba,b,a,/,a,/,/,1,baa,baa,b,aa,/,aa,/,/,1,巴,1,
ba,ba,b,a,/,a,/,/,1,baat,baat,b,aa,/,aa,/,t,3,八,1,
ba,ba,b,a,/,a,/,/,2,bat,bat,b,a,/,a,/,t,6,拔,1,
ba,ba,b,a,/,a,/,/,2,baat,baat,b,aa,/,aa,/,t,6,魃,3,
ba,ba,b,a,/,a,/,/,3,baa,baa,b,aa,/,aa,/,/,2,把,1,
ba,ba,b,a,/,a,/,/,4,baa,baa,b,aa,/,aa,/,/,3,霸,1,
ba,ba,b,a,/,a,/,/,4,baa,baa,b,aa,/,aa,/,/,1,爸,1,
bai,bai,b,ai,/,ai,/,/,1,baai,baai,b,aai,/,aai,/,/,1,掰,1,
bai,bai,b,ai,/,ai,/,/,2,baak,baak,b,aak,/,aa,/,k,6,白,1,
bai,bai,b,ai,/,ai,/,/,3,baak,baak,b,aak,/,aa,/,k,3,百,1,
bai,bai,b,ai,/,ai,/,/,3,baai,baai,b,aai,/,aai,/,/,2,摆,1,
bai,bai,b,ai,/,ai,/,/,4,baai,baai,b,aai,/,aai,/,/,6,败,1,
ban,ban,b,an,/,a,n,/,1,bun,bun,b,un,/,u,n,/,1,搬,1,
ban,ban,b,an,/,a,n,/,1,baan,baan,b,aan,/,aa,n,/,1,班,1,
ban,ban,b,an,/,a,n,/,3,baan,baan,b,aan,/,aa,n,/,2,版,1,
ban,ban,b,an,/,a,n,/,4,baan,baan,b,aan,/,aa,n,/,6,办,1,
ban,ban,b,an,/,a,n,/,4,bun,bun,b,un,/,u,n,/,6,伴,1,
ban,ban,b,an,/,a,n,/,4,bun,bun,b,un,/,u,n,/,3,半,1,
bang,bang,b,ang,/,a,ng,/,1,bong,bong,b,ong,/,o,ng,/,1,帮,1,
bang,bang,b,ang,/,a,ng,/,3,bong,bong,b,ong,/,o,ng,/,2,绑,1,
bang,bang,b,ang,/,a,ng,/,4,paang,paang,p,aang,/,aa,ng,/,5,棒,1,
bang,bang,b,ang,/,a,ng,/,4,bong,bong,b,ong,/,o,ng,/,6,磅,1,
bang,bang,b,ang,/,a,ng,/,4,pong,pong,p,ong,/,o,ng,/,5,蚌,2,
bao,bau,b,au,/,au,/,/,1,baau,baau,b,aau,/,aau,/,/,1,包,1,
bao,bau,b,au,/,au,/,/,1,bou,bou,b,ou,/,ou,/,/,1,煲,2,
bao,bau,b,au,/,au,/,/,2,bok,bok,b,ok,/,o,/,k,3,薄,1,
bao,bau,b,au,/,au,/,/,3,bou,bou,b,ou,/,ou,/,/,2,宝,1,
bao,bau,b,au,/,au,/,/,3,baau,baau,b,aau,/,aau,/,/,2,饱,2,
bao,bau,b,au,/,au,/,/,4,pou,pou,p,ou,/,ou,/,/,5,抱,2,
bao,bau,b,au,/,au,/,/,4,baau,baau,b,aau,/,aau,/,/,3,爆,1,
bao,bau,b,au,/,au,/,/,4,bou,bou,b,ou,/,ou,/,/,3,报,1,
bao,bau,b,au,/,au,/,/,4,paau,paau,p,aau,/,aau,/,/,3,豹,3,
bei,bei,b,ei,/,ei,/,/,1,bui,bui,b,ui,/,ui,/,/,6,背,1,
bei,bei,b,ei,/,ei,/,/,1,bui,bui,b,ui,/,ui,/,/,1,杯,1,
bei,bei,b,ei,/,ei,/,/,3,bak,bak,b,ak,/,a,/,k,1,北,1,
bei,bei,b,ei,/,ei,/,/,4,bei,bei,b,ei,/,ei,/,/,6,被,2,
bei,bei,b,ei,/,ei,/,/,4,bui,bui,b,ui,/,ui,/,/,3,贝,1,
bei,bei,b,ei,/,ei,/,/,4,pui,pui,p,ui,/,ui,/,/,5,倍,2,
ben,ben,b,en,/,e,n,/,1,ban,ban,b,an,/,a,n,/,1,奔,1,
ben,ben,b,en,/,e,n,/,3,bun,bun,b,un,/,u,n,/,2,本,1,
ben,ben,b,en,/,e,n,/,4,ban,ban,b,an,/,a,n,/,6,笨,1,
ben,ben,b,en,/,e,n,/,4,ban,ban,b,an,/,a,n,/,3,奔,3,
beng,beng,b,eng,/,e,ng,/,1,bang,bang,b,ang,/,a,ng,/,1,崩,1,
beng,beng,b,eng,/,e,ng,/,1,bang,bang,b,ang,/,a,ng,/,1,蹦,1,
beng,beng,b,eng,/,e,ng,/,4,bing,bing,b,ing,/,i,ng,/,3,迸,2,
beng,beng,b,eng,/,e,ng,/,4,bam,bam,b,am,/,a,m,/,1,泵,2,
bi,bi,b,i,/,i,/,/,1,bik,bik,b,ik,/,i,/,k,1,逼,1,
bi,bi,b,i,/,i,/,/,2,bei,bei,b,ei,/,ei,/,/,6,鼻,1,
bi,bi,b,i,/,i,/,/,3,bei,bei,b,ei,/,ei,/,/,2,比,1,
bi,bi,b,i,/,i,/,/,3,bat,bat,b,at,/,a,/,t,1,笔,1,
bi,bi,b,i,/,i,/,/,3,pei,pei,p,ei,/,ei,/,/,2,鄙,3,
bi,bi,b,i,/,i,/,/,4,bai,bai,p,ai,/,ai,/,/,6,币,1,
bi,bi,b,i,/,i,/,/,4,bei,bei,b,ei,/,ei,/,/,3,匕,3,
bi,bi,b,i,/,i,/,/,4,bik,bik,b,ik,/,i,/,k,1,壁,1,
bi,bi,b,i,/,i,/,/,4,bit,bit,b,it,/,i,/,t,1,必,1,
bie,bie,b,ie,/,ie,/,/,1,bit,bit,b,it,/,i,/,t,3,憋,1,
bie,bie,b,ie,/,ie,/,/,2,bit,bit,b,it,/,i,/,t,6,别,1,
bie,bie,b,ie,/,ie,/,/,1,bit,bit,b,it,/,i,/,t,6,瘪,3,
bian,bien,b,ien,/,ie,n,/,1,pin,pin,p,in,/,i,n,/,1,编,2,
bian,bien,b,ien,/,ie,n,/,1,bin,bin,b,in,/,i,n,/,1,边,1,
bian,bien,b,ien,/,ie,n,/,3,bin,bin,b,in,/,i,n,/,2,扁,1,
bian,bien,b,ien,/,ie,n,/,4,bin,bin,b,in,/,i,n,/,3,变,1,
bin,bin,b,in,/,i,n,/,1,ban,ban,b,an,/,a,n,/,1,宾,1,
bin,bin,b,in,/,i,n,/,4,ban,ban,b,an,/,a,n,/,3,殡,2,
bing,bing,b,ing,/,i,ng,/,1,bing,bing,b,ing,/,i,ng,/,1,冰,1,
bing,bing,b,ing,/,i,ng,/,3,beng,beng,b,eng,/,e,ng,/,2,饼,1,
bing,bing,b,ing,/,i,ng,/,3,beng,beng,b,eng,/,e,ng,/,3,柄,2,
bing,bing,b,ing,/,i,ng,/,3,bing,bing,b,ing,/,i,ng,/,2,丙,3,
bing,bing,b,ing,/,i,ng,/,3,ban,ban,b,an,/,a,n,/,2,禀,3,
bing,bing,b,ing,/,i,ng,/,4,bing,bing,b,ing,/,i,ng,/,6,并,1,
bing,bing,b,ing,/,i,ng,/,4,beng,beng,b,eng,/,e,ng,/,6,病,1,
bo,bwo,b,wo,w,o,/,/,1,bo,bong,b,o,/,o,/,/,1,波,1,
bo,bwo,b,wo,w,o,/,/,2,bok,bok,b,ok,/,o,/,k,3,膊,1,
bo,bwo,b,wo,w,o,/,/,2,bok,bok,b,ok,/,o,/,k,6,薄,1,
bo,bwo,b,wo,w,o,/,/,2,but,but,b,ut,/,u,/,t,6,勃,2,
bo,bwo,b,wo,w,o,/,/,2,bak,bak,b,ak,/,a,/,k,3,伯,2,
bu,bu,b,u,/,u,/,/,3,bou,bou,b,ou,/,ou,/,/,2,补,1,
bu,bu,b,u,/,u,/,/,3,bou,bou,b,ou,/,ou,/,/,6,捕,2,
bu,bu,b,u,/,u,/,/,4,bat,bat,b,at,/,a,/,t,1,不,1,
bu,bu,b,u,/,u,/,/,4,bou,bou,b,ou,/,ou,/,/,6,步,2,
bu,bu,b,u,/,u,/,/,4,bou,bou,b,ou,/,ou,/,/,3,布,2,
ca,ca,c,a,/,a,/,/,1,caat,caat,c,aat,/,aa,/,t,3,擦,1,
cai,cai,c,ai,/,ai,/,/,1,caai,caai,c,aai,/,aai,/,/,1,猜,1,
cai,cai,c,ai,/,ai,/,/,2,coi,coi,c,oi,/,oi,/,/,4,才,1,
cai,cai,c,ai,/,ai,/,/,3,caai,caai,c,aai,/,aai,/,/,2,踩,1,
cai,cai,c,ai,/,ai,/,/,3,coi,coi,c,oi,/,oi,/,/,2,彩,1,
cai,cai,c,ai,/,ai,/,/,4,coi,coi,c,oi,/,oi,/,/,3,菜,1,
can,can,c,an,/,a,n,/,1,caan,caan,c,aan,/,aa,n,/,1,餐,1,
can,can,c,an,/,a,n,/,1,caam,caam,c,aam,/,aa,m,/,1,参,1,
can,can,c,an,/,a,n,/,2,caan,caan,c,aan,/,aa,n,/,4,残,1,
can,can,c,an,/,a,n,/,2,caam,caam,c,aam,/,aa,m,/,4,蚕,3,
can,can,c,an,/,a,n,/,3,caam,caam,c,aam,/,aa,m,/,2,惨,1,
can,can,c,an,/,a,n,/,4,caan,caan,c,aan,/,aa,n,/,3,灿,2,
cang,cang,c,ang,/,a,ng,/,1,cong,cong,c,ong,/,ong,ng,/,1,仓,1,
cang,cang,c,ang,/,a,ng,/,2,cong,cong,c,ong,/,ong,ng,/,4,藏,1,
cao,cau,c,au,/,au,/,/,1,cou,cou,c,ou,/,ou,/,/,1,操,1,
cao,cau,c,au,/,au,/,/,2,cou,cou,c,ou,/,ou,/,/,4,曹,1,
cao,cau,c,au,/,au,/,/,3,cou,cou,c,ou,/,ou,/,/,2,草,1,
ce,ce,c,e,/,e,/,/,4,caak,caak,c,aak,/,aa,/,k,1,测,1,
ce,ce,c,e,/,e,/,/,4,zak,zak,z,ak,/,a,/,k,1,侧,2,
ce,ce,c,e,/,e,/,/,4,caak,caak,c,aak,/,aa,/,k,3,册,2,
ce,ce,c,e,/,e,/,/,4,ci,ci,c,i,/,i,/,/,3,厕,3,
cen,cen,c,en,/,e,n,/,1,cam,cam,c,am,/,a,m,/,1,参,2,
cen,cen,c,en,/,e,n,/,2,sam,sam,s,am,/,a,m,/,4,岑,3,
ceng,ceng,c,eng,/,e,ng,/,2,cang,cang,c,ang,/,a,ng,/,4,曾,1,
cong,cung,c,ung,/,u,ng,/,1,cung,cung,c,ung,/,u,ng,/,1,葱,1,
cong,cung,c,ung,/,u,ng,/,2,cung,cung,c,ung,/,u,ng,/,4,从,1,
cu,cu,c,u,/,u,/,/,1,cou,cou,c,ou,/,ou,/,/,1,粗,1,
cu,cu,c,u,/,u,/,/,4,cou,cou,c,ou,/,ou,/,/,3,醋,2,
cu,cu,c,u,/,u,/,/,4,cuk,cuk,c,uk,/,u,/,k,1,促,2,
cu,cu,c,u,/,u,/,/,4,cyut,cyut,c,yut,/,yu,/,t,3,猝,3,
cui,cwei,c,wei,w,ei,/,/,1,ceoi,ceoi,c,eoi,/,eoi,/,/,1,催,1,
cui,cwei,c,wei,w,ei,/,/,3,ceoi,ceoi,c,eoi,/,eoi,/,/,2,璀,2,
cui,cwei,c,wei,w,ei,/,/,4,ceoi,ceoi,c,eoi,/,eoi,/,/,3,脆,1,
cuan,cwan,c,wan,w,a,n,/,1,cyun,cyun,c,yun,/,yu,n,/,3,窜,2,
cun,cwen,c,wen,w,e,n,/,1,cyun,cyun,c,yun,/,yu,n,/,1,村,1,
cun,cwen,c,wen,w,e,n,/,1,cyun,cyun,c,yun,/,yu,n,/,4,存,1,
cun,cwen,c,wen,w,e,n,/,1,cyun,cyun,c,yun,/,yu,n,/,3,寸,1,
cuo,cwo,c,wo,w,o,/,/,1,co,co,c,o,/,o,/,/,1,搓,1,
cuo,cwo,c,wo,w,o,/,/,2,co,co,c,o,/,o,/,/,4,矬,3,
cuo,cwo,c,wo,w,o,/,/,4,co,co,c,o,/,o,/,/,3,错,1,
cha,cha,ch,a,/,a,/,r,1,caa,caa,c,aa,/,aa,/,/,1,差,1,差别
cha,cha,ch,a,/,a,/,r,1,caap,caap,c,aap,/,aa,/,p,3,插,2,
cha,cha,ch,a,/,a,/,r,2,caa,caa,c,aa,/,aa,/,/,4,查,1,
cha,cha,ch,a,/,a,/,r,2,caat,caat,c,aat,/,aa,/,t,3,察,2,
cha,cha,ch,a,/,a,/,r,4,caa,caa,c,aa,/,aa,/,/,3,岔,3,
cha,cha,ch,a,/,a,/,r,4,caat,caat,c,aat,/,aa,/,t,3,刹,3,
chai,chai,ch,ai,/,ai,/,r,1,caak,caak,c,aak,/,aa,/,k,3,拆,1,
chai,chai,ch,ai,/,ai,/,r,1,caai,caai,c,aai,/,aai,/,/,1,差,2,出差
chai,chai,ch,ai,/,ai,/,r,1,caai,caai,c,aai,/,aai,/,/,4,柴,2,
chan,chan,ch,an,/,a,n,r,1,caam,caam,c,aam,/,aa,m,/,1,掺,2,
chan,chan,ch,an,/,a,n,r,2,cin,cin,c,in,/,i,n,/,4,缠,2,
chan,chan,ch,an,/,a,n,r,2,caam,caam,c,aam,/,aa,m,/,4,馋,1,
chan,chan,ch,an,/,a,n,r,2,sim,sim,s,im,/,i,m,/,4,蝉,2,
chan,chan,ch,an,/,a,n,r,3,caan,caan,c,aan,/,aa,n,/,2,产,1,
chan,chan,ch,an,/,a,n,r,4,zin,zin,z,in,/,i,n,/,3,颤,3,
chang,chang,ch,ang,/,a,ng,r,1,coeng,coeng,c,oeng,/,oe,ng,/,1,昌,1,
chang,chang,ch,ang,/,a,ng,r,1,coeng,coeng,c,oeng,/,oe,ng,/,4,长,1,
chang,chang,ch,ang,/,a,ng,r,1,soeng,soeng,s,oeng,/,oe,ng,/,4,常,1,
chang,chang,ch,ang,/,a,ng,r,1,coeng,coeng,c,oeng,/,oe,ng,/,4,场,1,
chang,chang,ch,ang,/,a,ng,r,1,cong,cong,c,ong,/,o,ng,/,2,厂,2,
chang,chang,ch,ang,/,a,ng,r,1,coeng,coeng,c,oeng,/,oe,ng,/,3,唱,1,
chao,chau,ch,au,/,au,/,r,1,ciu,ciu,c,iu,/,iu,/,/,1,超,1,
chao,chau,ch,au,/,au,/,r,1,caau,caau,c,aau,/,aau,/,/,1,抄,1,
chao,chau,ch,au,/,au,/,r,1,ciu,ciu,c,iu,/,iu,/,/,4,潮,2,
chao,chau,ch,au,/,au,/,r,1,caau,caau,c,aau,/,aau,/,/,2,炒,1,
che,che,ch,e,/,e,/,r,1,ce,ce,c,e,/,e,/,/,1,车,1,
che,che,ch,e,/,e,/,r,1,ce,ce,c,e,/,e,/,/,2,扯,1,
che,che,ch,e,/,e,/,r,1,cit,cit,c,it,/,i,/,t,3,撤,2,
chen,chen,ch,en,/,e,n,r,2,can,can,c,an,/,a,n,/,4,陈,1,
chen,chen,ch,en,/,e,n,r,2,san,san,s,an,/,a,n,/,4,晨,1,
chen,chen,ch,en,/,e,n,r,2,cam,cam,c,am,/,a,m,/,4,沉,1,
chen,chen,ch,en,/,e,n,r,4,can,can,c,an,/,a,n,/,3,趁,1,
cheng,cheng,ch,eng,/,e,ng,r,1,cing,cing,c,ing,/,i,ng,/,1,称,1,
cheng,cheng,ch,eng,/,e,ng,r,1,caang,caang,c,aang,/,aa,ng,/,1,撑,2,
cheng,cheng,ch,eng,/,e,ng,r,1,sing,sing,s,ing,/,i,ng,/,4,成,1,
cheng,cheng,ch,eng,/,e,ng,r,1,cing,cing,c,ing,/,i,ng,/,4,程,2,
cheng,cheng,ch,eng,/,e,ng,r,1,cing,cing,c,ing,/,i,ng,/,2,逞,1,
cheng,cheng,ch,eng,/,e,ng,r,1,cing,cing,c,ing,/,i,ng,/,3,秤,1,
chi,chr,ch,r,/,r,/,r,1,hek,hek,h,ek,/,e,/,k,3,吃,3,
chi,chr,ch,r,/,r,/,r,1,ci,ci,c,i,/,i,/,/,1,痴,2,
chi,chr,ch,r,/,r,/,r,2,ci,ci,c,i,/,i,/,/,4,持,1,
chi,chr,ch,r,/,r,/,r,3,cek,cek,c,ek,/,e,/,k,3,尺,1,
chi,chr,ch,r,/,r,/,r,3,ci,ci,c,i,/,i,/,/,2,齿,1,
chi,chr,ch,r,/,r,/,r,4,cek,cek,c,ek,/,e,/,k,3,赤,1,
chi,chr,ch,r,/,r,/,r,4,ci,ci,c,i,/,i,/,/,3,翅,1,
chi,chr,ch,r,/,r,/,r,4,cik,cik,c,ik,/,i,/,k,1,斥,2,
chong,chung,ch,ung,/,u,ng,r,1,cung,cung,c,ung,/,u,ng,/,1,冲,1,
chong,chung,ch,ung,/,u,ng,r,2,cung,cung,c,ung,/,u,ng,/,4,虫,1,
chong,chung,ch,ung,/,u,ng,r,3,cung,cung,c,ung,/,u,ng,/,2,宠,1,
chu,chu,ch,u,/,u,/,r,1,ceot,ceot,c,eot,/,eo,/,t,1,出,1,
chu,chu,ch,u,/,u,/,r,1,co,co,c,o,/,o,/,/,1,初,1,
chu,chu,ch,u,/,u,/,r,2,ceoi,ceoi,c,eoi,/,eoi,/,/,4,除,1,
chu,chu,ch,u,/,u,/,r,2,cyu,cyu,c,yu,/,yu,/,/,4,厨,2,
chu,chu,ch,u,/,u,/,r,3,cyu,cyu,c,yu,/,yu,/,/,5,储,1,
chu,chu,ch,u,/,u,/,r,3,co,co,c,o,/,o,/,/,2,楚,3,
chu,chu,ch,u,/,u,/,r,4,zuk,zuk,z,uk,/,u,/,k,1,触,2,
chu,chu,ch,u,/,u,/,r,4,cyu,cyu,c,yu,/,yu,/,/,3,处,1,
chuai,chwai,ch,wai,w,ai,/,r,1,ceoi,ceoi,c,eoi,c,eoi,/,/,2,揣,3,
chuai,chwai,ch,wai,w,ai,/,r,1,cyun,cyun,c,yun,/,yu,n,/,2,踹,3,
chuan,chwan,ch,wan,w,a,n,r,1,cyun,cyun,c,yun,/,yu,n,/,1,穿,1,
chuan,chwan,ch,wan,w,a,n,r,2,cyun,cyun,c,yun,/,yu,n,/,4,传,1,
chuan,chwan,ch,wan,w,a,n,r,2,syun,syun,s,yun,/,yu,n,/,4,船,1,
chuan,chwan,ch,wan,w,a,n,r,3,cyun,cyun,c,yun,/,yu,n,/,2,喘,3,
chuan,chwan,ch,wan,w,a,n,r,4,cyun,cyun,c,yun,/,yu,n,/,3,串,1,
chuang,chwang,ch,wang,w,a,ng,r,1,coeng,coeng,c,oeng,/,oe,ng,/,1,窗,1,
chuang,chwang,ch,wang,w,a,ng,r,1,cong,cong,c,ong,/,o,ng,/,1,疮,3,
chuang,chwang,ch,wang,w,a,ng,r,2,cong,cong,c,ong,/,o,ng,/,4,床,1,
chuang,chwang,ch,wang,w,a,ng,r,3,cong,cong,c,ong,/,o,ng,/,2,闯,1,
chuang,chwang,ch,wang,w,a,ng,r,4,cong,cong,c,ong,/,o,ng,/,3,创,1,
chui,chwei,ch,wei,w,ei,/,r,1,ceoi,ceoi,c,eoi,/,eoi,/,/,1,吹,1,
chui,chwei,ch,wei,w,ei,/,r,2,seoi,seoi,s,eoi,/,eoi,/,/,4,垂,2,
chui,chwei,ch,wei,w,ei,/,r,2,ceoi,ceoi,c,eoi,/,eoi,/,/,4,锤,1,
chun,chwen,ch,wen,w,e,n,r,1,ceon,ceon,c,eon,/,eo,n,/,1,春,1,
chun,chwen,ch,wen,w,e,n,r,2,seon,seon,s,eon,/,eo,n,/,4,纯,1,
chun,chwen,ch,wen,w,e,n,r,3,ceon,ceon,c,eon,/,eo,n,/,2,蠢,2,
chuo,chwo,ch,wo,w,o,/,r,1,coek,coek,c,oek,/,oe,/,k,3,戳,3,
chuo,chwo,ch,wo,w,o,/,r,4,zyut,zyut,z,yut,/,yu,/,t,3,辍,3,
chuo,chwo,ch,wo,w,o,/,r,4,coek,coek,c,oek,/,oe,/,k,3,绰,1,
da,da,d,a,/,a,/,/,1,daap,daap,d,aap,/,aa,/,p,3,搭,1,
da,da,d,a,/,a,/,/,2,daat,daat,d,aat,/,aa,/,t,6,达,2,
da,da,d,a,/,a,/,/,2,daap,daap,d,aap,/,aa,/,p,3,答,1,
da,da,d,a,/,a,/,/,3,daa,daa,d,aa,/,aa,/,/,2,打,1,
da,da,d,a,/,a,/,/,4,daai,daai,d,aai,/,aai,/,/,6,大,1,
dai,dai,d,ai,/,ai,/,/,1,ngoi,ngoi,ng,oi,/,oi,/,/,4,呆,2,
dai,dai,d,ai,/,ai,/,/,3,dai,dai,d,ai,/,ai,/,/,6,逮,2,
dai,dai,d,ai,/,ai,/,/,3,daai,daai,d,aai,/,aai,/,/,2,歹,2,
dai,dai,d,ai,/,ai,/,/,4,daai,daai,d,aai,/,aai,/,/,3,带,1,
dai,dai,d,ai,/,ai,/,/,4,doi,doi,d,oi,/,oi,/,/,6,代,1,
dan,dan,d,an,/,a,n,/,1,daan,daan,d,aan,/,aa,n,/,1,单,1,
dan,dan,d,an,/,a,n,/,1,daam,daam,d,aam,/,aa,m,/,1,担,2,
dan,dan,d,an,/,a,n,/,3,daam,daam,d,aam,/,aa,m,/,2,胆,2,
dan,dan,d,an,/,a,n,/,4,daan,daan,d,aan,/,aa,n,/,6,但,1,
dan,dan,d,an,/,a,n,/,4,daan,daan,d,aan,/,aa,n,/,2,蛋,1,
dan,dan,d,an,/,a,n,/,4,daam,daam,d,aam,/,aa,m,/,6,淡,2,
dan,dan,d,an,/,a,n,/,4,daan,daan,d,aan,/,aa,n,/,3,诞,1,
dang,dang,d,ang,/,a,ng,/,1,dong,dong,d,ong,/,o,ng,/,1,当,1,
dang,dang,d,ang,/,a,ng,/,3,dong,dong,d,ong,/,o,ng,/,2,党,2,
dang,dang,d,ang,/,a,ng,/,4,dong,dong,d,ong,/,o,ng,/,3,档,2,档铺
dang,dang,d,ang,/,a,ng,/,4,dong,dong,d,ong,/,o,ng,/,6,荡,2,
dao,dau,d,au,/,au,/,/,1,dou,dou,d,ou,/,ou,/,/,1,刀,2,
dao,dau,d,au,/,au,/,/,3,dou,dou,d,ou,/,ou,/,/,6,导,1,
dao,dau,d,au,/,au,/,/,3,dou,dou,d,ou,/,ou,/,/,2,岛,1,
dao,dau,d,au,/,au,/,/,4,dou,dou,d,ou,/,ou,/,/,6,盗,1,
de,de,d,e,/,e,/,/,2,dak,dak,d,ak,/,a,/,k,1,德,1,
de,de,d,e,/,e,/,/,5,dik,dik,d,ik,/,i,/,k,1,的,2,
deng,deng,d,eng,/,e,ng,/,1,dang,dang,d,ang,/,a,ng,/,1,灯,1,
deng,deng,d,eng,/,e,ng,/,3,dang,dang,d,ang,/,a,ng,/,2,等,1,
deng,deng,d,eng,/,e,ng,/,4,dang,dang,d,ang,/,a,ng,/,3,凳,1,
di,di,d,i,/,i,/,/,1,dai,dai,d,ai,/,ai,/,/,1,低,1,
di,di,d,i,/,i,/,/,1,dik,dik,d,ik,/,i,/,k,6,滴,1,
di,di,d,i,/,i,/,/,2,dik,dik,d,ik,/,i,/,k,6,敌,1,
di,di,d,i,/,i,/,/,2,dek,dek,d,ek,/,e,/,k,2,笛,2,
di,di,d,i,/,i,/,/,3,dai,dai,d,ai,/,ai,/,/,2,底,1,
di,di,d,i,/,i,/,/,4,dai,dai,d,ai,/,ai,/,/,6,第,1,
di,di,d,i,/,i,/,/,4,dei,dei,d,ei,/,ei,/,/,6,地,2,
dian,dien,d,ien,/,ie,n,/,1,din,din,d,in,/,i,n,/,1,颠,1,
dian,dien,d,ien,/,ie,n,/,1,dim,dim,d,im,/,i,m,/,6,掂,1,
dian,dien,d,ien,/,ie,n,/,3,dim,dim,d,im,/,i,m,/,2,点,1,
dian,dien,d,ien,/,ie,n,/,3,din,din,d,in,/,i,n,/,2,典,2,
dian,dien,d,ien,/,ie,n,/,4,dim,dim,d,im,/,i,m,/,3,店,1,
dian,dien,d,ien,/,ie,n,/,4,din,din,d,in,/,i,n,/,6,电,1,
dian,dien,d,ien,/,ie,n,/,4,din,din,d,in,/,i,n,/,3,垫,2,
dong,dung,d,ung,/,u,ng,/,1,dung,dung,d,ung,/,u,ng,/,1,东,1,
dong,dung,d,ung,/,u,ng,/,3,dung,dung,d,ung,/,u,ng,/,2,懂,1,
dong,dung,d,ung,/,u,ng,/,4,dung,dung,d,ung,/,u,ng,/,6,动,1,
dong,dung,d,ung,/,u,ng,/,4,dung,dung,d,ung,/,u,ng,/,3,冻,1,
du,du,d,u,/,u,/,/,1,dou,dou,d,ou,/,ou,/,/,1,都,1,
du,du,d,u,/,u,/,/,1,duk,duk,d,uk,/,u,/,k,1,督,2,
du,du,d,u,/,u,/,/,1,duk,duk,d,uk,/,u,/,k,6,读,1,
du,du,d,u,/,u,/,/,1,dou,dou,d,ou,/,ou,/,/,2,堵,2,
du,du,d,u,/,u,/,/,1,dou,dou,d,ou,/,ou,/,/,6,度,1,
du,du,d,u,/,u,/,/,1,tou,tou,t,ou,/,ou,/,/,5,肚,2,
duan,dwan,d,wan,w,a,n,/,1,dyun,dyun,d,yun,/,yu,n,/,1,端,2,
duan,dwan,d,wan,w,a,n,/,3,dyun,dyun,d,yun,/,yu,n,/,2,短,1,
duan,dwan,d,wan,w,a,n,/,4,dyun,dyun,d,yun,/,yu,n,/,6,段,1,
duan,dwan,d,wan,w,a,n,/,4,tyun,tyun,t,yun,/,yu,n,/,5,断,2,
dui,dwei,d,wei,w,ei,/,/,1,deoi,deoi,d,eoi,/,eoi,/,/,1,堆,2,
dui,dwei,d,wei,w,ei,/,/,4,deoi,deoi,d,eoi,/,eoi,/,/,3,对,1,
dun,dwen,d,wen,w,e,n,/,1,deon,deon,d,eon,/,eo,n,/,1,吨,2,
dun,dwen,d,wen,w,e,n,/,1,deon,deon,d,eon,/,eo,n,/,6,顿,1,
dun,dwen,d,wen,w,e,n,/,1,deon,deon,d,eon,/,eo,n,/,5,盾,2,
dun,dwen,d,wen,w,e,n,/,1,teon,teon,t,eon,/,eo,n,/,1,敦,3,
duo,dwo,d,wo,w,o,/,/,1,do,do,d,o,/,o,/,/,1,多,1,
duo,dwo,d,wo,w,o,/,/,2,dyut,dyut,d,yut,/,yu,/,t,6,夺,2,
duo,dwo,d,wo,w,o,/,/,3,do,do,d,o,/,o,/,/,2,朵,2,
duo,dwo,d,wo,w,o,/,/,4,do,do,d,o,/,o,/,/,6,堕,2,
duo,dwo,d,wo,w,o,/,/,4,deok,deok,d,eok,/,eo,/,k,6,剁,3,
e,e,/,e,/,e,/,/,2,ngaak,ngaak,ng,aak,/,aa,/,k,6,额,2,额头
e,e,/,e,/,e,/,/,2,ngaak,ngaak,ng,aak,/,aa,/,k,2,额,1,金额
e,e,/,e,/,e,/,/,2,ngo,ngo,ng,o,/,o,/,/,4,俄,1,
e,e,/,e,/,e,/,/,4,ngo,ngo,ng,o,/,o,/,/,6,饿,1,
e,e,/,e,/,e,/,/,4,ngok,ngok,ng,ok,/,o,/,k,3,恶,1,
e,e,/,e,/,e,/,/,4,ngaak,ngaak,ng,aak,/,aa,/,k,1,厄,3,
en,e,/,e,/,e,n,/,1,jan,yan,y,an,/,a,n,/,1,恩,1,
fa,fa,f,a,/,a,/,/,1,faat,faat,f,aat,/,aa,/,t,3,发,1,
fa,fa,f,a,/,a,/,/,2,fat,fat,f,at,/,a,/,t,6,罚,1,
fa,fa,f,a,/,a,/,/,3,faat,faat,f,aat,/,aa,/,t,3,法,1,
fa,fa,f,a,/,a,/,/,4,faat,faat,f,aat,/,aa,/,t,3,发,1,
fan,fan,f,a,/,a,n,/,1,faan,faan,f,aan,/,aa,n,/,1,翻,1,
fan,fan,f,a,/,a,n,/,1,faan,faan,f,aan,/,aa,n,/,4,帆,3,
fan,fan,f,a,/,a,n,/,1,faan,faan,f,aan,/,aa,n,/,4,烦,1,
fan,fan,f,a,/,a,n,/,1,faan,faan,f,aan,/,aa,n,/,2,反,1,
fan,fan,f,a,/,a,n,/,1,faan,faan,f,aan,/,aa,n,/,3,泛,2,
fang,fang,f,a,/,a,ng,/,1,fong,fong,f,ong,/,o,ng,/,1,方,1,
fang,fang,f,a,/,a,ng,/,1,fong,fong,f,ong,/,o,ng,/,4,房,1,
fang,fang,f,a,/,a,ng,/,1,fong,fong,f,ong,/,o,ng,/,2,仿,1,
fang,fang,f,a,/,a,ng,/,1,fong,fong,f,ong,/,o,ng,/,3,放,1,
fei,fei,f,ei,/,ei,/,/,1,fei,fei,f,ei,/,ei,/,/,1,飞,1,
fei,fei,f,ei,/,ei,/,/,2,fei,fei,f,ei,/,ei,/,/,4,肥,1,
fei,fei,f,ei,/,ei,/,/,3,fei,fei,f,ei,/,ei,/,/,2,匪,1,
fei,fei,f,ei,/,ei,/,/,4,fai,fai,f,ai,/,ai,/,/,3,费,1,
fei,fei,f,ei,/,ei,/,/,4,fai,fai,f,ai,/,ai,/,/,6,吠,3,
fen,fen,f,en,/,e,n,/,1,fan,fan,f,an,/,a,n,/,1,分,1,
fen,fen,f,en,/,e,n,/,2,fan,fan,f,an,/,a,n,/,4,焚,1,
fen,fen,f,en,/,e,n,/,3,fan,fan,f,an,/,a,n,/,2,粉,1,
fen,fen,f,en,/,e,n,/,4,fan,fan,f,an,/,a,n,/,6,份,1,
fen,fen,f,en,/,e,n,/,4,fan,fan,f,an,/,a,n,/,5,愤,1,
feng,feng,f,eng,/,e,ng,/,1,fung,fung,f,ung,/,u,ng,/,1,风,1,
feng,feng,f,eng,/,e,ng,/,2,fung,fung,f,ung,/,u,ng,/,4,逢,1,
feng,feng,f,eng,/,e,ng,/,3,fung,fung,f,ung,/,u,ng,/,5,讽,2,
feng,feng,f,eng,/,e,ng,/,4,fung,fung,f,ung,/,u,ng,/,6,奉,1,
fo,fwo,f,wo,w,o,/,/,2,fat,fat,f,at,/,a,/,t,6,佛,2,
fu,fu,f,u,/,u,/,/,1,fu,fu,f,u,/,u,/,/,1,夫,1,
fu,fu,f,u,/,u,/,/,2,fuk,fuk,f,uk,/,u,/,k,1,福,1,
fu,fu,f,u,/,u,/,/,2,fuk,fuk,f,uk,/,u,/,k,6,服,1,
fu,fu,f,u,/,u,/,/,2,fat,fat,f,at,/,a,/,t,6,弗,1,
fu,fu,f,u,/,u,/,/,2,fau,fau,f,au,/,au,/,/,4,浮,2,
fu,fu,f,u,/,u,/,/,3,fu,fu,f,u,/,u,/,/,2,府,1,
fu,fu,f,u,/,u,/,/,3,fu,fu,f,u,/,u,/,/,6,腐,1,
fu,fu,f,u,/,u,/,/,4,fu,fu,f,u,/,u,/,/,3,富,1,
fu,fu,f,u,/,u,/,/,4,fuk,fuk,f,uk,/,u,/,k,1,复,1,
ga,ga,g,a,/,a,/,/,4,gaa,gaa,g,aa,/,aa,/,/,3,尬,3,
gai,gai,g,ai,/,ai,/,/,1,goi,goi,g,oi,/,oi,/,/,1,该,1,
gai,gai,g,ai,/,ai,/,/,1,goi,goi,g,oi,/,oi,/,/,2,改,1,
gai,gai,g,ai,/,ai,/,/,1,goi,goi,g,oi,/,oi,/,/,3,盖,1,
gai,gai,g,ai,/,ai,/,/,1,koi,koi,k,oi,/,oi,/,/,3,概,2,
gan,gan,g,an,/,a,n,/,1,gon,gon,g,on,/,o,n,/,1,干,1,干燥
gan,gan,g,an,/,a,n,/,1,gam,gam,g,am,/,a,m,/,1,甘,2,
gan,gan,g,an,/,a,n,/,1,gam,gam,g,am,/,a,m,/,2,敢,1,
gan,gan,g,an,/,a,n,/,1,gon,gon,g,on,/,o,n,/,2,赶,1,
gan,gan,g,an,/,a,n,/,1,gon,gon,g,on,/,o,n,/,3,干,1,树干
gang,gang,g,ang,/,a,ng,/,1,gong,gong,g,ong,/,o,ng,/,1,刚,1,
gang,gang,g,ang,/,a,ng,/,1,gong,gong,g,ong,/,o,ng,/,3,钢,2,
gang,gang,g,ang,/,a,ng,/,3,gong,gong,g,ong,/,o,ng,/,2,港,1,
gang,gang,g,ang,/,a,ng,/,4,gong,gong,g,ong,/,o,ng,/,3,杠,1,
gao,gau,g,au,/,au,/,/,1,gou,gou,g,ou,/,ou,/,/,1,高,1,
gao,gau,g,au,/,au,/,/,3,gaau,gaau,g,aau,/,aau,/,/,2,搞,1,
gao,gau,g,au,/,au,/,/,3,gou,gou,g,ou,/,ou,/,/,2,稿,1,
gao,gau,g,au,/,au,/,/,4,gou,gou,g,ou,/,ou,/,/,3,告,1,
ge,ge,g,e,/,e,/,/,1,go,go,g,o,/,o,/,/,1,歌,1,
ge,ge,g,e,/,e,/,/,1,got,got,g,ot,/,o,/,t,3,割,1,
ge,ge,g,e,/,e,/,/,2,gaak,gaak,g,aak,/,aa,/,k,3,格,2,
ge,ge,g,e,/,e,/,/,3,got,got,g,ot,/,o,/,t,3,葛,1,
ge,ge,g,e,/,e,/,/,4,go,go,g,o,/,o,/,/,3,个,1,
ge,ge,g,e,/,e,/,/,4,got,got,g,ot,/,o,/,t,3,各,1,
gei,gei,g,ei,/,ei,/,/,1,kap,kap,k,ap,/,a,/,p,1,给,1,
gen,gen,g,en,/,e,n,/,1,gan,gan,g,an,/,a,n,/,1,跟,1,
geng,geng,g,eng,/,e,ng,/,1,gang,gang,g,ang,/,a,ng,/,1,更,1,更新
geng,geng,g,eng,/,e,ng,/,3,gang,gang,g,ang,/,a,ng,/,2,梗,2,
geng,geng,g,eng,/,e,ng,/,4,gang,gang,g,ang,/,a,ng,/,3,更,1,更加
gong,gung,g,ung,/,u,ng,/,1,gung,gung,g,ung,/,u,ng,/,1,公,1,
gong,gung,g,ung,/,u,ng,/,3,gung,gung,g,ung,/,u,ng,/,2,拱,2,
gong,gung,g,ung,/,u,ng,/,4,gung,gung,g,ung,/,u,ng,/,3,共,1,
gu,gu,g,u,/,u,/,/,1,gu,gu,g,u,/,u,/,/,1,孤,1,
gu,gu,g,u,/,u,/,/,3,gu,gu,g,u,/,u,/,/,2,股,1,
gu,gu,g,u,/,u,/,/,3,gwat,gwat,g,wat,w,a,/,t,1,骨,2,
gu,gu,g,u,/,u,/,/,3,guk,guk,g,uk,/,u,/,k,1,谷,2,
gu,gu,g,u,/,u,/,/,4,gu,gu,g,u,/,u,/,/,3,故,1,
gua,gwa,g,wa,w,a,/,/,1,gwa,gwa,g,wa,w,a,/,/,1,瓜,1,
gua,gwa,g,wa,w,a,/,/,1,gwaat,gwaat,g,waat,w,aat,/,t,3,刮,2,
gua,gwa,g,wa,w,a,/,/,3,gwa,gwa,g,wa,w,a,/,/,2,寡,1,
gua,gwa,g,wa,w,a,/,/,4,gwa,gwa,g,wa,w,a,/,/,3,挂,1,
guai,gwai,g,wai,w,ai,/,/,1,gwaai,gwaai,g,waai,w,aai,/,/,1,乖,1,
guai,gwai,g,wai,w,ai,/,/,3,gwaai,gwaai,g,waai,w,aai,/,/,2,拐,2,
guai,gwai,g,wai,w,ai,/,/,4,gwaai,gwaai,g,waai,w,aai,/,/,3,怪,1,
guan,gwan,g,wan,w,a,n,/,1,gwaan,gwaan,g,waan,w,aa,n,/,1,关,1,
guan,gwan,g,wan,w,a,n,/,1,gun,gung,g,un,/,u,n,/,1,观,1,
guan,gwan,g,wan,w,a,n,/,3,gwaan,gwaan,g,waan,w,aa,n,/,2,管,1,
guan,gwan,g,wan,w,a,n,/,4,gwaan,gwaan,g,waan,w,aa,n,/,3,惯,1,
guang,gwang,g,wang,w,a,ng,/,1,gwong,gwong,g,wong,w,o,ng,/,1,光,1,
guang,gwang,g,wang,w,a,ng,/,2,gwong,gwong,g,wong,w,o,ng,/,2,广,1,
guang,gwang,g,wang,w,a,ng,/,3,gwaang,gwaang,g,waang,w,aa,ng,/,3,逛,1,
gun,gwen,g,wen,w,e,n,/,3,gwan,gwan,g,wan,w,a,n,/,2,滚,1,
gun,gwen,g,wen,w,e,n,/,3,gwan,gwan,g,wan,w,a,n,/,3,棍,1,
guo,gwo,g,wo,w,o,/,/,1,wo,wo,w,o,w,o,/,/,1,锅,3,
guo,gwo,g,wo,w,o,/,/,1,gwok,gwok,g,wok,w,o,/,k,3,郭,2,
guo,gwo,g,wo,w,o,/,/,2,gwok,gwok,g,wok,w,o,/,k,3,国,1,
guo,gwo,g,wo,w,o,/,/,3,gwok,gwok,g,wok,w,o,/,k,2,果,1,
guo,gwo,g,wo,w,o,/,/,4,gwok,gwok,g,wok,w,o,/,k,3,过,1,
ha,ha,h,a,/,a,/,/,1,haa,haa,h,aa,/,aa,/,/,1,哈,1,
hai,hai,h,ai,/,ai,/,/,2,waan,waan,w,aan,w,aa,n,/,4,还,2,
hai,hai,h,ai,/,ai,/,/,2,haai,haai,h,aai,/,aai,/,/,4,孩,1,
hai,hai,h,ai,/,ai,/,/,3,hoi,hoi,h,oi,/,oi,/,/,2,海,1,
hai,hai,h,ai,/,ai,/,/,4,hoi,hoi,h,oi,/,oi,/,/,6,害,1,
han,han,h,an,/,a,n,/,1,ham,ham,h,am,/,a,m,/,1,憨,3,
han,han,h,an,/,a,n,/,2,hon,hon,h,on,/,o,n,/,4,韩,1,
han,han,h,an,/,a,n,/,2,ham,ham,h,am,/,a,m,/,4,含,1,
han,han,h,an,/,a,n,/,3,haam,haam,h,aam,/,aa,m,/,3,喊,2,
han,han,h,an,/,a,n,/,3,hon,hon,h,on,/,o,n,/,2,罕,1,
han,han,h,an,/,a,n,/,4,hon,hon,h,on,/,o,n,/,3,汉,1,
han,han,h,an,/,a,n,/,4,hon,hon,h,on,/,o,n,/,6,汗,1,
han,han,h,an,/,a,n,/,4,ham,ham,h,am,/,a,m,/,6,撼,2,
hang,hang,h,ang,/,a,ng,/,1,haang,haang,h,aang,/,aa,ng,/,1,夯,3,
hang,hang,h,ang,/,a,ng,/,1,hong,hong,h,ong,/,o,ng,/,4,航,1,
hao,hao,h,au,/,au,/,/,1,hou,hou,h,ou,/,ou,/,/,1,蒿,3,
hao,hao,h,au,/,au,/,/,2,hou,hou,h,ou,/,ou,/,/,4,豪,1,
hao,hao,h,au,/,au,/,/,3,hou,hou,h,ou,/,ou,/,/,2,好,1,
hao,hao,h,au,/,au,/,/,4,hou,hou,h,ou,/,ou,/,/,6,号,1,
hao,hao,h,au,/,au,/,/,4,hou,hou,h,ou,/,ou,/,/,3,耗,2,
he,he,h,e,/,e,/,/,1,hot,hot,h,ot,/,o,/,t,3,喝,3,
he,he,h,e,/,e,/,/,1,ho,ho,h,o,/,o,/,/,1,呵,2,
he,he,h,e,/,e,/,/,2,ho,ho,h,o,/,o,/,/,4,何,1,
he,he,h,e,/,e,/,/,2,hap,hap,h,ap,/,a,/,p,6,合,1,
he,he,h,e,/,e,/,/,2,hat,hat,h,at,/,a,/,t,6,核,2,
he,he,h,e,/,e,/,/,2,wo,wo,w,o,w,o,/,/,4,禾,3,
he,he,h,e,/,e,/,/,4,haak,haak,h,aak,/,aa,/,k,1,赫,3,
he,he,h,e,/,e,/,/,4,ho,ho,h,o,/,o,/,/,6,贺,2,
he,he,h,e,/,e,/,/,4,hok,hok,h,ok,/,o,/,k,6,鹤,2,
hei,hei,h,ei,/,ei,/,/,1,haak,haak,h,aak,/,aa,/,k,1,黑,1,
hen,hen,h,en,/,e,n,/,2,han,han,h,an,/,a,n,/,4,痕,1,
hen,hen,h,en,/,e,n,/,3,han,han,h,an,/,a,n,/,2,很,1,
hen,hen,h,en,/,e,n,/,4,han,han,h,an,/,a,n,/,6,恨,1,
heng,heng,h,eng,/,e,ng,/,1,hang,hang,h,ang,/,a,ng,/,1,亨,3,
heng,heng,h,eng,/,e,ng,/,2,waang,waang,w,aang,/,aa,ng,/,4,横,1,
hong,hung,h,ung,/,u,ng,/,1,gwang,gwang,g,wang,w,a,ng,/,1,轰,2,
hong,hung,h,ung,/,u,ng,/,1,hung,hung,h,ung,/,u,ng,/,1,哄,1,
hong,hung,h,ung,/,u,ng,/,1,hung,hung,h,ung,/,u,ng,/,3,烘,2,
hong,hung,h,ung,/,u,ng,/,2,hung,hung,h,ung,/,u,ng,/,4,红,1,
hong,hung,h,ung,/,u,ng,/,2,wang,wang,w,ang,w,a,ng,/,4,宏,2,
hu,hu,h,u,/,u,/,/,1,fu,fu,f,u,/,u,/,/,1,乎,2,
hu,hu,h,u,/,u,/,/,1,fat,fat,f,at,/,a,/,t,1,忽,1,
hu,hu,h,u,/,u,/,/,2,wu,wu,w,u,w,u,/,/,4,胡,1,
hu,hu,h,u,/,u,/,/,3,fu,fu,f,u,/,u,/,/,2,虎,1,
hu,hu,h,u,/,u,/,/,3,wu,wu,w,u,w,u,/,/,2,浒,3,
hu,hu,h,u,/,u,/,/,4,wu,wu,w,u,w,u,/,/,6,护,1,
hua,hwa,h,wa,w,a,/,/,1,faa,faa,f,aa,/,aa,/,/,1,花,1,
hua,hwa,h,wa,w,a,/,/,2,waa,waa,w,aa,w,aa,/,/,4,华,1,
hua,hwa,h,wa,w,a,/,/,2,waak,waak,w,aak,w,aa,/,k,6,滑,1,
hua,hwa,h,wa,w,a,/,/,4,waak,waak,w,aak,w,aa,/,k,6,画,1,
hua,hwa,h,wa,w,a,/,/,4,faa,faa,f,aa,/,aa,/,/,3,化,1,
hua,hwa,h,wa,w,a,/,/,4,waa,waa,w,aa,w,aa,/,/,6,话,1,
huan,hwan,h,wan,w,a,n,/,1,fun,fun,f,un,/,u,n,/,1,欢,1,
huan,hwan,h,wan,w,a,n,/,2,waan,waan,w,aan,w,aa,n,/,4,环,1,
huan,hwan,h,wan,w,a,n,/,3,wun,wun,w,un,w,u,n,/,6,缓,2,
huan,hwan,h,wan,w,a,n,/,4,wun,wun,w,un,w,u,n,/,6,换,1,
huan,hwan,h,wan,w,a,n,/,4,waan,waan,w,aan,w,aa,n,/,6,幻,2,
huang,hwang,h,wang,w,a,ng,/,1,fong,fong,f,ong,/,o,ng,/,1,慌,1,
huang,hwang,h,wang,w,a,ng,/,2,wong,wong,w,ong,/,o,ng,/,4,黄,1,
huang,hwang,h,wang,w,a,ng,/,3,fong,fong,f,ong,/,o,ng,/,2,谎,2,
huang,hwang,h,wang,w,a,ng,/,4,fong,fong,f,ong,/,o,ng,/,2,晃,3,
hui,hwei,h,wei,w,ei,/,/,1,fui,fui,f,ui,/,ui,/,/,1,灰,1,
hui,hwei,h,wei,w,ei,/,/,1,fai,fai,f,ai,/,ai,/,/,1,辉,2,
hui,hwei,h,wei,w,ei,/,/,2,wui,wui,w,ui,w,ui,/,/,4,回,1,
hui,hwei,h,wei,w,ei,/,/,3,wai,wai,w,ai,w,ai,/,/,2,毁,2,
hui,hwei,h,wei,w,ei,/,/,3,fui,fui,f,ui,/,ui,/,/,3,悔,2,
hui,hwei,h,wei,w,ei,/,/,4,wui,wui,w,ui,w,ui,/,/,6,会,1,
hui,hwei,h,wei,w,ei,/,/,4,wai,wai,w,ai,w,ai,/,/,6,惠,2,
hui,hwei,h,wei,w,ei,/,/,4,kui,kui,k,ui,/,ui,/,/,2,绘,2,
hun,hwen,h,wen,w,en,n,/,1,fan,fan,f,an,/,a,n,/,1,婚,1,
hun,hwen,h,wen,w,en,n,/,2,wan,wan,w,an,w,a,n,/,4,魂,1,
hun,hwen,h,wen,w,en,n,/,3,wan,wan,w,an,w,a,n,/,4,浑,2,
hun,hwen,h,wen,w,en,n,/,4,wan,wan,w,an,w,a,n,/,6,混,1,
huo,hwo,h,wo,w,o,/,/,2,wut,wut,w,ut,w,u,/,t,6,活,1,
huo,hwo,h,wo,w,o,/,/,3,fo,fo,f,o,/,o,/,/,2,火,1,
huo,hwo,h,wo,w,o,/,/,4,waat,waat,w,aat,w,aa,/,t,6,或,1,
huo,hwo,h,wo,w,o,/,/,4,fo,fo,f,o,/,o,/,/,3,货,1,
huo,hwo,h,wo,w,o,/,/,4,wot,wot,w,ot,w,o,/,t,6,获,1,
huo,hwo,h,wo,w,o,/,/,4,fot,fot,f,o,/,o,/,t,3,霍,3,
huo,hwo,h,wo,w,o,/,/,4,wo,wo,w,o,w,o,/,/,6,祸,2,
huo,hwo,h,wo,w,o,/,/,4,kut,kut,k,ut,/,u,/,t,3,豁,2,
ji,ji,j,i,/,i,/,/,1,gai,gai,g,ai,/,ai,/,/,1,鸡,1,
ji,ji,j,i,/,i,/,/,1,gei,gei,g,ei,/,ei,/,/,1,机,1,
ji,ji,j,i,/,i,/,/,1,zik,zik,z,ik,/,i,/,k,1,积,1,
ji,ji,j,i,/,i,/,/,1,git,git,g,it,/,i,/,t,1,击,1,
ji,ji,j,i,/,i,/,/,2,zap,zap,z,ap,/,a,/,p,6,集,1,
ji,ji,j,i,/,i,/,/,2,kap,kap,k,ap,/,a,/,p,1,级,1,
ji,ji,j,i,/,i,/,/,2,kap,kap,k,ap,/,a,/,p,6,及,1,
ji,ji,j,i,/,i,/,/,2,zik,zik,z,ik,/,i,/,k,1,即,1,
ji,ji,j,i,/,i,/,/,2,gik,gik,g,ik,/,i,/,k,6,极,1,
ji,ji,j,i,/,i,/,/,2,gap,gap,g,ap,/,a,/,p,1,急,1,
ji,ji,j,i,/,i,/,/,2,gat,gat,g,at,/,a,/,t,1,吉,1,
ji,ji,j,i,/,i,/,/,2,zik,zik,z,ik,/,i,/,k,6,籍,1,
ji,ji,j,i,/,i,/,/,2,cap,cap,c,ap,/,a,/,p,1,辑,2,
ji,ji,j,i,/,i,/,/,2,zat,zat,z,at,/,a,/,t,6,疾,2,
ji,ji,j,i,/,i,/,/,2,gik,gik,g,ik,/,i,/,k,1,棘,2,
ji,ji,j,i,/,i,/,/,3,gei,gei,g,ei,/,ei,/,/,2,几,1,
ji,ji,j,i,/,i,/,/,3,zai,zai,z,ai,/,ai,/,/,1,挤,2,
ji,ji,j,i,/,i,/,/,3,gik,gik,g,ik,/,i,/,k,1,戟,2,
ji,ji,j,i,/,i,/,/,4,zai,zai,z,ai,/,ai,/,/,3,济,1,
ji,ji,j,i,/,i,/,/,4,gei,gei,g,ei,/,ei,/,/,3,记,1,
ji,ji,j,i,/,i,/,/,4,gwai,gwai,g,wai,w,ai,/,/,3,季,1,
ji,ji,j,i,/,i,/,/,4,gai,gai,g,ai,/,ai,/,/,3,继,1,
ji,ji,j,i,/,i,/,/,4,gei,gei,g,ei,/,ei,/,/,6,忌,2,
ji,ji,j,i,/,i,/,/,4,zai,zai,z,ai,/,ai,/,/,1,剂,1,
ji,ji,j,i,/,i,/,/,4,zik,zik,z,ik,/,i,/,k,6,寂,1,
ji,ji,j,i,/,i,/,/,4,gei,gei,g,ei,/,ei,/,/,2,纪,2,
jia,jia,j,ia,/,ia,/,/,1,gaa,gaa,g,aa,/,aa,/,/,1,家,1,
jia,jia,j,ia,/,ia,/,/,1,gaai,gaai,g,aai,/,aai,/,/,1,佳,2,
jia,jia,j,ia,/,ia,/,/,2,gaap,gaap,g,aap,/,aa,/,p,3,夹,1,
jia,jia,j,ia,/,ia,/,/,3,gaa,gaa,g,aa,/,aa,/,/,2,假,1,
jia,jia,j,ia,/,ia,/,/,3,gaap,gaap,g,aap,/,aa,/,p,3,甲,1,
jia,jia,j,ia,/,ia,/,/,4,gaa,gaa,g,aa,/,aa,/,/,3,价,1,
jian,jian,j,ian,/,ia,n,/,1,zin,zin,z,in,/,i,n,/,1,煎,1,
jian,jian,j,ian,/,ia,n,/,1,gim,gim,g,im,/,i,m,/,1,兼,1,
jian,jian,j,ian,/,ia,n,/,1,gaan,gaan,g,aan,/,aa,n,/,1,间,1,房间
jian,jian,j,ian,/,ia,n,/,1,zim,zim,z,im,/,i,m,/,1,尖,1,
jian,jian,j,ian,/,ia,n,/,1,gin,gin,g,in,/,i,n,/,1,坚,1,
jian,jian,j,ian,/,ia,n,/,1,gaam,gaam,g,aam,/,aa,m,/,1,监,2,
jian,jian,j,ian,/,ia,n,/,3,zin,zin,z,in,/,i,n,/,2,剪,1,
jian,jian,j,ian,/,ia,n,/,3,gaam,gaam,g,aam,/,aa,m,/,2,减,1,
jian,jian,j,ian,/,ia,n,/,3,gaan,gaan,g,aan,/,aa,n,/,2,简,1,
jian,jian,j,ian,/,ia,n,/,4,gin,gin,g,in,/,i,n,/,3,建,1,
jian,jian,j,ian,/,ia,n,/,4,gin,gin,g,in,/,i,n,/,6,件,1,
jian,jian,j,ian,/,ia,n,/,4,gim,gim,g,im,/,i,m,/,3,剑,2,
jian,jian,j,ian,/,ia,n,/,4,gaan,gaan,g,aan,/,aa,n,/,3,间,1,间隔
jiang,jiang,j,ian,/,ia,ng,/,1,zoeng,zoeng,z,oeng,/,oe,ng,/,1,将,1,
jiang,jiang,j,ian,/,ia,ng,/,1,gong,gong,g,ong,/,o,ng,/,1,江,1,
jiang,jiang,j,ian,/,ia,ng,/,1,goeng,goeng,g,oeng,/,oe,ng,/,1,姜,2,
jiang,jiang,j,ian,/,ia,ng,/,3,gong,gong,g,ong,/,o,ng,/,2,讲,1,
jiang,jiang,j,ian,/,ia,ng,/,3,zoeng,zoeng,z,oeng,/,oe,ng,/,2,桨,1,
jiang,jiang,j,ian,/,ia,ng,/,4,zoeng,zoeng,z,oeng,/,oe,ng,/,3,酱,1,
jiang,jiang,j,ian,/,ia,ng,/,4,gong,gong,g,ong,/,o,ng,/,3,降,1,
jiong,jiong,j,iong,/,io,ng,/,3,gwing,gwing,g,wing,w,i,ng,/,2,炯,3,
ju,jyu,j,yu,/,yu,/,/,1,geoi,geoi,g,eoi,/,eoi,/,/,1,居,1,
ju,jyu,j,yu,/,yu,/,/,1,zeoi,zeoi,z,eoi,/,eoi,/,/,1,狙,3,
ju,jyu,j,yu,/,yu,/,/,2,guk,guk,g,uk,/,u,/,k,6,局,1,
ju,jyu,j,yu,/,yu,/,/,2,guk,guk,g,uk,/,u,/,k,1,菊,1,
ju,jyu,j,yu,/,yu,/,/,2,gat,gat,g,at,/,a,/,t,1,桔,2,
ju,jyu,j,yu,/,yu,/,/,3,geoi,geoi,g,eoi,/,eoi,/,/,2,举,1,
ju,jyu,j,yu,/,yu,/,/,3,zeoi,zeoi,z,eoi,/,eoi,/,/,2,咀,1,
ju,jyu,j,yu,/,yu,/,/,4,keoi,keoi,k,eoi,/,eoi,/,/,5,拒,1,
ju,jyu,j,yu,/,yu,/,/,4,geoi,geoi,g,eoi,/,eoi,/,/,6,巨,1,
ju,jyu,j,yu,/,yu,/,/,4,geoi,geoi,g,eoi,/,eoi,/,/,3,据,1,
ju,jyu,j,yu,/,yu,/,/,4,kek,kek,k,ek,/,e,/,k,6,剧,2,
juan,jyuan,j,yuan,/,yua,n,/,1,gyun,gyun,g,yun,/,yu,n,/,1,捐,1,
juan,jyuan,j,yuan,/,yua,n,/,1,gyun,gyun,g,yun,/,yu,n,/,2,卷,1,
juan,jyuan,j,yuan,/,yua,n,/,1,gyun,gyun,g,yun,/,yu,n,/,6,倦,1,
jue,jyue,j,yue,/,yue,/,/,2,gok,gok,g,ok,/,o,/,k,3,觉,1,
jue,jyue,j,yue,/,yue,/,/,2,zyut,zyut,z,yut,/,yu,/,t,6,绝,1,
jue,jyue,j,yue,/,yue,/,/,2,kyut,kyut,k,yut,/,yu,/,t,3,决,1,
jue,jyue,j,yue,/,yue,/,/,2,zoek,zoek,z,oek,/,oe,/,k,3,爵,2,
jue,jyue,j,yue,/,yue,/,/,2,gwat,gwat,g,wat,w,a,/,t,6,掘,2,
jun,jyun,j,yun,/,yu,n,/,1,gwan,gwan,g,wan,w,a,n,/,1,军,1,
jun,jyun,j,yun,/,yu,n,/,1,kwan,kwan,k,wan,w,a,n,/,2,菌,2,
jun,jyun,j,yun,/,yu,n,/,1,zeon,zeon,z,eon,/,eoi,n,/,3,俊,2,
jun,jyun,j,yun,/,yu,n,/,1,gwan,gwan,g,wan,w,a,n,/,6,郡,2,
ka,ka,k,a,/,a,/,/,1,gaa,gaa,g,aa,/,aa,/,/,3,咖,1,
ka,ka,k,a,/,a,/,/,1,kaak,kaak,k,aak,/,aa,/,k,3,喀,3,
ka,ka,k,a,/,a,/,/,3,kaa,kaak,k,aa,/,aa,/,/,1,卡,1,
kai,kai,k,ai,/,ai,/,/,1,hoi,hoi,h,oi,/,oi,/,/,1,开,1,
kai,kai,k,ai,/,ai,/,/,3,ngoi,ngoi,ng,oi,/,oi,/,/,2,凯,2,
kai,kai,k,ai,/,ai,/,/,3,kaai,kaai,k,aai,/,aai,/,/,2,楷,2,
kai,kai,k,ai,/,ai,/,/,3,hoi,hoi,h,oi,/,oi,/,/,2,铠,2,
kai,kai,k,ai,/,ai,/,/,3,koi,koi,k,oi,/,oi,/,/,3,慨,2,
kai,kai,k,ai,/,ai,/,/,4,koi,koi,k,oi,/,oi,/,/,3,忾,3,
kan,kan,k,an,/,a,n,/,1,hon,hon,h,on,/,o,n,/,1,刊,2,
kan,kan,k,an,/,a,n,/,1,ham,ham,h,am,/,a,m,/,1,堪,2,
kan,kan,k,an,/,a,n,/,1,ham,ham,h,am,/,a,m,/,3,勘,3,
kan,kan,k,an,/,a,n,/,1,hon,hon,h,on,/,o,n,/,1,看,1,看守
kan,kan,k,an,/,a,n,/,3,laam,laam,l,aam,/,aa,m,/,6,槛,2,
kan,kan,k,an,/,a,n,/,3,ham,ham,h,am,/,a,m,/,2,坎,3,
kan,kan,k,an,/,a,n,/,3,hon,hon,h,on,/,o,n,/,2,侃,3,
kan,kan,k,an,/,a,n,/,4,hon,hon,h,on,/,o,n,/,3,看,2,看见
kang,kang,k,ang,/,a,ng,/,1,hong,hong,h,ong,/,o,ng,/,1,康,1,
kang,kang,k,ang,/,a,ng,/,4,kong,kong,k,ong,/,o,ng,/,3,抗,1,
kao,kau,k,au,/,au,/,/,3,haau,haau,h,aau,/,aau,/,/,2,考,1,
kao,kau,k,au,/,au,/,/,4,kaau,kaau,k,aau,/,aau,/,/,3,靠,1,
ke,ke,k,e,/,e,/,/,1,fo,fo,f,o,/,o,/,/,1,科,1,
ke,ke,k,e,/,e,/,/,1,po,po,p,o,/,o,/,/,1,棵,2,
ke,ke,k,e,/,e,/,/,1,ngo,ngo,ng,o,/,o,/,/,1,柯,3,
ke,ke,k,e,/,e,/,/,2,hok,hok,h,ok,/,o,/,k,3,壳,2,
ke,ke,k,e,/,e,/,/,3,ho,ho,h,o,/,o,/,/,2,可,1,
ke,ke,k,e,/,e,/,/,3,hot,hot,h,ot,/,o,/,t,3,渴,1,
ke,ke,k,e,/,e,/,/,4,fo,fo,f,o,/,o,/,/,3,课,1,
ke,ke,k,e,/,e,/,/,4,haak,haak,h,aak,/,aa,/,k,1,克,2,
ke,ke,k,e,/,e,/,/,4,haak,haak,h,aak,/,aa,/,k,3,客,1,
ken,ken,k,en,/,e,n,/,3,hang,hang,h,ang,/,a,ng,/,2,肯,1,
keng,keng,k,eng,/,e,ng,/,1,haang,haang,h,aang,/,aa,ng,/,1,坑,1,
keng,keng,k,eng,/,e,ng,/,1,hang,hang,h,ang,/,a,ng,/,1,铿,3,
kong,kung,k,kung,/,u,ng,/,1,hung,hung,h,ung,/,u,ng,/,1,空,1,
kong,kung,k,kung,/,u,ng,/,3,hung,hung,h,ung,/,u,ng,/,2,孔,1,
kong,kung,k,kung,/,u,ng,/,4,hung,hung,h,ung,/,u,ng,/,3,控,1,
ku,ku,k,u,/,u,/,/,1,huk,huk,h,uk,/,u,/,k,1,哭,1,
ku,ku,k,u,/,u,/,/,1,fu,fu,f,u,/,u,/,/,1,枯,2,
ku,ku,k,u,/,u,/,/,3,fu,fu,f,u,/,u,/,/,2,苦,1,
ku,ku,k,u,/,u,/,/,4,fu,fu,f,u,/,u,/,/,3,裤,1,
ku,ku,k,u,/,u,/,/,4,huk,huk,h,uk,/,u,/,k,6,酷,2,
kua,kwa,k,wa,w,a,/,/,1,kwaa,kwaa,k,waa,w,aa,/,/,1,夸,1,
kua,kwa,k,wa,w,a,/,/,3,kwaa,kwaa,k,waa,w,aa,/,/,1,垮,2,
kua,kwa,k,wa,w,a,/,/,4,kwaa,kwaa,k,waa,w,aa,/,/,3,胯,3,
kuai,kwai,k,wai,w,ai,/,/,4,faai,faai,f,aai,/,aai,/,/,3,快,1,
kuan,kwan,k,wan,w,a,n,/,1,fun,fun,f,un,/,u,n,/,1,宽,1,
kuan,kwan,k,wan,w,a,n,/,3,fun,fun,f,un,/,u,n,/,2,款,1,
kuang,kwang,k,wang,w,a,ng,/,1,kwaang,kwaang,k,waang,w,aa,ng,/,1,框,1,
kuang,kwang,k,wang,w,a,ng,/,2,kwong,kwong,k,wong,w,o,ng,/,4,狂,1,
kuang,kwang,k,wang,w,a,ng,/,4,kwong,kwong,k,wong,w,o,ng,/,3,矿,1,
kui,kwei,k,wei,w,ei,/,/,1,kwai,kwai,k,wai,w,ai,/,/,1,亏,1,
kui,kwei,k,wei,w,ei,/,/,2,kwai,kwai,k,wai,w,ai,/,/,4,葵,1,
kui,kwei,k,wei,w,ei,/,/,4,kui,kui,k,ui,/,ui,/,/,2,溃,1,
kui,kwei,k,wei,w,ei,/,/,4,kwai,kwai,k,wai,w,ai,/,/,5,愧,2,
kuo,kwo,k,wo,w,o,/,/,4,fut,fut,f,ut,/,u,/,t,3,阔,2,
kuo,kwo,k,wo,w,o,/,/,4,kwok,kwok,k,wok,w,o,/,k,3,扩,2,
kuo,kwo,k,wo,w,o,/,/,4,kut,kut,k,ut,/,u,/,t,3,括,2,
la,la,l,a,/,a,/,/,1,laai,laai,l,aai,/,aai,/,/,1,拉,1,
la,la,l,a,/,a,/,/,4,laak,laak,l,aak,/,aa,/,k,6,辣,2,
la,la,l,a,/,a,/,/,4,laap,laap,l,aap,/,aa,/,p,6,蜡,2,
lai,lai,l,ai,/,ai,/,/,2,loi,loi,l,oi,/,oi,/,/,4,来,1,
lai,lai,l,ai,/,ai,/,/,4,laai,laai,l,aai,/,aai,/,/,6,赖,1,
lai,lai,l,ai,/,ai,/,/,4,loi,loi,l,oi,/,oi,/,/,6,睐,2,
lan,lan,l,an,/,a,n,/,2,laam,laam,l,aam,/,aa,m,/,4,蓝,1,
lan,lan,l,an,/,a,n,/,2,laan,laan,l,aan,/,aa,n,/,4,兰,1,
lan,lan,l,an,/,a,n,/,3,laan,laan,l,aan,/,aa,n,/,5,懒,1,
lan,lan,l,an,/,a,n,/,3,laam,laam,l,aam,/,aa,m,/,5,览,1,
lan,lan,l,an,/,a,n,/,4,laan,laan,l,aan,/,aa,n,/,6,烂,1,
lan,lan,l,an,/,a,n,/,4,laam,laam,l,aam,/,aa,m,/,6,滥,1,
lang,lang,l,ang,/,a,ng,/,2,long,long,l,ong,/,o,ng,/,4,狼,1,
lang,lang,l,ang,/,a,ng,/,3,long,long,l,ong,/,o,ng,/,5,朗,2,
lang,lang,l,ang,/,a,ng,/,4,long,long,l,ong,/,o,ng,/,6,浪,1,
lao,lau,l,au,/,au,/,/,1,laau,laau,l,aau,/,aau,/,/,1,捞,1,
lao,lau,l,au,/,au,/,/,2,lou,lou,l,ou,/,ou,/,/,4,劳,1,
lao,lau,l,au,/,au,/,/,3,lou,lou,l,ou,/,ou,/,/,5,老,1,
lao,lau,l,au,/,au,/,/,3,lou,lou,l,ou,/,ou,/,/,2,佬,1,
lao,lau,l,au,/,au,/,/,4,lou,lou,l,ou,/,ou,/,/,6,涝,3,
lao,lau,l,au,/,au,/,/,4,lok,lok,l,ok,/,o,/,k,3,酪,2,
le,le,l,e,/,e,/,/,4,lok,lok,l,ok,/,o,/,k,6,乐,1,
le,le,l,e,/,e,/,/,4,lak,lak,l,ak,/,a,/,k,6,勒,2,
lei,lei,l,ei,/,ei,/,/,2,leoi,leoi,l,eoi,/,eoi,/,/,4,雷,1,
lei,lei,l,ei,/,ei,/,/,1,leoi,leoi,l,eoi,/,eoi,/,/,6,累,2,累计
lei,lei,l,ei,/,ei,/,/,3,leoi,leoi,l,eoi,/,eoi,/,/,5,垒,2,
lei,lei,l,ei,/,ei,/,/,4,leoi,leoi,l,eoi,/,eoi,/,/,6,类,1,
lei,lei,l,ei,/,ei,/,/,4,lak,lak,l,ak,/,a,/,k,6,肋,2,
leng,leng,l,eng,/,e,ng,/,2,ling,ling,l,ing,/,i,ng,/,4,棱,2,
leng,leng,l,eng,/,e,ng,/,3,laang,laang,l,aang,/,aa,ng,/,5,冷,1,
leng,leng,l,eng,/,e,ng,/,4,ling,ling,l,ing,/,i,ng,/,6,愣,3,
li,li,l,i,/,i,/,/,2,lei,lei,l,ei,/,ei,/,/,4,离,1,
li,li,l,i,/,i,/,/,2,lei,lei,l,ei,/,ei,/,/,4,梨,2,
li,li,l,i,/,i,/,/,3,leoi,leoi,l,eoi,/,eoi,/,/,5,里,1,
li,li,l,i,/,i,/,/,3,lei,lei,l,ei,/,ei,/,/,5,理,1,
li,li,l,i,/,i,/,/,3,lai,lai,l,ai,/,ai,/,/,5,礼,1,
li,li,l,i,/,i,/,/,4,lik,lik,l,ik,/,i,/,k,6,力,1,
li,li,l,i,/,i,/,/,4,lei,lei,l,ei,/,ei,/,/,6,利,1,
li,li,l,i,/,i,/,/,4,laap,laap,l,aap,/,aa,/,p,6,立,1,
li,li,l,i,/,i,/,/,4,lap,lap,l,ap,/,a,/,p,1,粒,2,
li,li,l,i,/,i,/,/,4,lai,lai,l,ai,/,ai,/,/,6,例,1,
li,li,l,i,/,i,/,/,4,leot,leot,l,eot,/,eo,/,t,6,栗,2,
lian,lian,l,ian,/,ia,n,/,2,lin,lin,l,in,/,i,n,/,4,连,1,
lian,lian,l,ian,/,ia,n,/,2,lyun,lyun,l,yun,/,yu,n,/,4,联,1,
lian,lian,l,ian,/,ia,n,/,2,lim,lim,l,im,/,i,m,/,4,帘,1,
lian,lian,l,ian,/,ia,n,/,3,lim,lim,l,im,/,i,m,/,5,脸,2,
lian,lian,l,ian,/,ia,n,/,4,lin,lin,l,in,/,i,n,/,6,练,1,
lian,lian,l,ian,/,ia,n,/,4,lyun,lyun,l,yun,/,yu,n,/,2,恋,2,
liang,liang,l,iang,/,ia,ng,/,2,loeng,loeng,l,oeng,/,oe,ng,/,4,良,1,
liang,liang,l,iang,/,ia,ng,/,3,loeng,loeng,l,oeng,/,oe,ng,/,5,两,1,
liang,liang,l,iang,/,ia,ng,/,4,loeng,loeng,l,oeng,/,oe,ng,/,6,亮,1,
liang,liang,l,iang,/,ia,ng,/,4,leng,leng,l,eng,/,e,ng,/,3,靓,1,
long,lung,l,ung,/,u,ng,/,1,lung,lung,l,ung,/,u,ng,/,4,龙,1,
long,lung,l,ung,/,u,ng,/,1,lung,lung,l,ung,/,u,ng,/,5,笼,1,笼罩
lu,lu,l,u,/,u,/,/,2,lou,lou,l,ou,/,ou,/,/,4,卢,2,
lu,lu,l,u,/,u,/,/,3,lou,lou,l,ou,/,ou,/,/,5,鲁,2,
lu,lu,l,u,/,u,/,/,4,lou,lou,l,ou,/,ou,/,/,6,路,1,
lu,lu,l,u,/,u,/,/,4,luk,luk,l,uk,/,u,/,k,6,录,1,
luan,lwan,l,wan,w,an,/,/,2,lyun,lyun,l,yun,/,yu,n,/,4,峦,3,
luan,lwan,l,wan,w,an,/,/,3,leon,leon,l,eon,/,eo,n,/,2,卵,2,
luan,lwan,l,wan,w,an,/,/,4,lyun,lyun,l,yun,/,yu,n,/,6,乱,1,
lue,lyue,l,yue,/,yue,/,/,4,loek,loek,l,oek,/,oe,/,k,6,略,1,
lun,lwen,l,wen,w,en,/,/,2,leon,leon,l,eon,/,eo,n,/,4,轮,,
lun,lwen,l,wen,w,en,/,/,4,leon,leon,l,eon,/,eo,n,/,6,论,,
luo,lwo,l,wo,w,o,/,/,2,lo,lo,l,o,/,o,/,/,4,罗,,
luo,lwo,l,wo,w,o,/,/,3,lo,lo,l,o,/,o,/,/,2,裸,,
luo,lwo,l,wo,w,o,/,/,4,lok,lok,l,ok,/,o,/,k,6,落,,